qa-automation-01,qa-automation-01,admin
qa-automation-02,qa-automation-02,admin
qa-automation-03,qa-automation-03,admin
qa-automation-04,qa-automation-04,common
qa-automation-05,qa-automation-05,common
qa-automation-06,qa-automation-06,admin
qa-automation-07,qa-automation-07,admin
qa-automation-08,qa-automation-08,admin
qa-automation-09,qa-automation-09,common
qa-automation-10,qa-automation-10,admin
qa-automation-11,qa-automation-11,admin
qa-automation-12,qa-automation-12,admin
qa-automation-13,qa-automation-13,admin
qa-automation-14,qa-automation-14,admin
qa-automation-15,qa-automation-15,admin
qa-automation-16,qa-automation-16,admin
qa-automation-17,qa-automation-17,admin
qa-automation-18,qa-automation-18,admin
qa-automation-19,qa-automation-19,admin
qa-automation-20,qa-automation-20,admin
qa-automation-21,qa-automation-21,admin
qa-automation-22,qa-automation-22,admin
qa-automation-23,qa-automation-23,admin
qa-automation-24,qa-automation-24,admin
qa-automation-25,qa-automation-25,admin
qa-automation-26,qa-automation-26,admin
qa-automation-27,qa-automation-27,admin
qa-automation-28,qa-automation-28,admin
qa-automation-29,qa-automation-29,admin
qa-automation-30,qa-automation-30,admin
qa-automation-31,qa-automation-31,admin
qa-automation-32,qa-automation-32,admin
qa-automation-33,qa-automation-33,admin
qa-automation-34,qa-automation-34,admin
qa-automation-35,qa-automation-35,admin
qa-automation-36,qa-automation-36,admin
qa-automation-37,qa-automation-37,admin
qa-automation-38,qa-automation-38,admin
qa-automation-39,qa-automation-39,admin
qa-automation-40,qa-automation-40,admin