qa-automation-01@apriori.com,TrumpetSnakeFridgeToasty18!%,admin
qa-automation-02@apriori.com,TrumpetSnakeFridgeToasty18!%,admin
qa-automation-03@apriori.com,TrumpetSnakeFridgeToasty18!%,admin
qa-automation-04@apriori.com,TrumpetSnakeFridgeToasty18!%,admin
qa-automation-05@apriori.com,TrumpetSnakeFridgeToasty18!%,admin
qa-automation-06@apriori.com,TrumpetSnakeFridgeToasty18!%,admin
qa-automation-07@apriori.com,TrumpetSnakeFridgeToasty18!%,admin
qa-automation-08@apriori.com,TrumpetSnakeFridgeToasty18!%,admin
qa-automation-05@apriori.com,TrumpetSnakeFridgeToasty18!%,common
qa-automation-09@apriori.com,TrumpetSnakeFridgeToasty18!%,common
qa-automation-10@apriori.com,TrumpetSnakeFridgeToasty18!%,admin
qa-automation-11@apriori.com,TrumpetSnakeFridgeToasty18!%,admin
qa-automation-12@apriori.com,TrumpetSnakeFridgeToasty18!%,admin
qa-automation-13@apriori.com,TrumpetSnakeFridgeToasty18!%,admin
qa-automation-14@apriori.com,TrumpetSnakeFridgeToasty18!%,admin
qa-automation-15@apriori.com,TrumpetSnakeFridgeToasty18!%,admin
qa-automation-16@apriori.com,TrumpetSnakeFridgeToasty18!%,admin
qa-automation-17@apriori.com,TrumpetSnakeFridgeToasty18!%,admin
qa-automation-18@apriori.com,TrumpetSnakeFridgeToasty18!%,admin
qa-automation-19@apriori.com,TrumpetSnakeFridgeToasty18!%,admin
qa-automation-20@apriori.com,TrumpetSnakeFridgeToasty18!%,admin
qa-automation-21@apriori.com,TrumpetSnakeFridgeToasty18!%,admin
qa-automation-22@apriori.com,TrumpetSnakeFridgeToasty18!%,admin
qa-automation-23@apriori.com,TrumpetSnakeFridgeToasty18!%,admin
qa-automation-24@apriori.com,TrumpetSnakeFridgeToasty18!%,admin
qa-automation-25@apriori.com,TrumpetSnakeFridgeToasty18!%,admin
qa-automation-26@apriori.com,TrumpetSnakeFridgeToasty18!%,admin
qa-automation-27@apriori.com,TrumpetSnakeFridgeToasty18!%,admin
qa-automation-28@apriori.com,TrumpetSnakeFridgeToasty18!%,admin
qa-automation-29@apriori.com,TrumpetSnakeFridgeToasty18!%,admin
qa-automation-30@apriori.com,TrumpetSnakeFridgeToasty18!%,admin
qa-automation-31@apriori.com,TrumpetSnakeFridgeToasty18!%,admin
qa-automation-32@apriori.com,TrumpetSnakeFridgeToasty18!%,admin
qa-automation-33@apriori.com,TrumpetSnakeFridgeToasty18!%,admin
qa-automation-34@apriori.com,TrumpetSnakeFridgeToasty18!%,admin
qa-automation-35@apriori.com,TrumpetSnakeFridgeToasty18!%,admin
qa-automation-36@apriori.com,TrumpetSnakeFridgeToasty18!%,admin
qa-automation-37@apriori.com,TrumpetSnakeFridgeToasty18!%,admin
qa-automation-38@apriori.com,TrumpetSnakeFridgeToasty18!%,admin
qa-automation-39@apriori.com,TrumpetSnakeFridgeToasty18!%,admin
qa-automation-40@apriori.com,TrumpetSnakeFridgeToasty18!%,admin