qa-automation-01,TrumpetSnakeFridgeToasty18,admin
qa-automation-02,TrumpetSnakeFridgeToasty18,admin
qa-automation-03,TrumpetSnakeFridgeToasty18,admin
qa-automation-04,TrumpetSnakeFridgeToasty18,common
qa-automation-05,TrumpetSnakeFridgeToasty18,common
qa-automation-06,TrumpetSnakeFridgeToasty18,admin
qa-automation-07,TrumpetSnakeFridgeToasty18,admin
qa-automation-08,TrumpetSnakeFridgeToasty18,admin
qa-automation-09,TrumpetSnakeFridgeToasty18,common
qa-automation-10,TrumpetSnakeFridgeToasty18,admin
qa-automation-11,TrumpetSnakeFridgeToasty18,admin
qa-automation-12,TrumpetSnakeFridgeToasty18,admin
qa-automation-13,TrumpetSnakeFridgeToasty18,admin
qa-automation-14,TrumpetSnakeFridgeToasty18,admin
qa-automation-15,TrumpetSnakeFridgeToasty18,admin
qa-automation-16,TrumpetSnakeFridgeToasty18,admin
qa-automation-17,TrumpetSnakeFridgeToasty18,admin
qa-automation-18,TrumpetSnakeFridgeToasty18,admin
qa-automation-19,TrumpetSnakeFridgeToasty18,admin
qa-automation-20,TrumpetSnakeFridgeToasty18,admin
qa-automation-21,TrumpetSnakeFridgeToasty18,admin
qa-automation-22,TrumpetSnakeFridgeToasty18,admin
qa-automation-23,TrumpetSnakeFridgeToasty18,admin
qa-automation-24,TrumpetSnakeFridgeToasty18,admin
qa-automation-25,TrumpetSnakeFridgeToasty18,admin
qa-automation-26,TrumpetSnakeFridgeToasty18,admin
qa-automation-27,TrumpetSnakeFridgeToasty18,admin
qa-automation-28,TrumpetSnakeFridgeToasty18,admin
qa-automation-29,TrumpetSnakeFridgeToasty18,admin
qa-automation-30,TrumpetSnakeFridgeToasty18,admin
qa-automation-31,TrumpetSnakeFridgeToasty18,admin
qa-automation-32,TrumpetSnakeFridgeToasty18,admin
qa-automation-33,TrumpetSnakeFridgeToasty18,admin
qa-automation-34,TrumpetSnakeFridgeToasty18,admin
qa-automation-35,TrumpetSnakeFridgeToasty18,admin
qa-automation-36,TrumpetSnakeFridgeToasty18,admin
qa-automation-37,TrumpetSnakeFridgeToasty18,admin
qa-automation-38,TrumpetSnakeFridgeToasty18,admin
qa-automation-39,TrumpetSnakeFridgeToasty18,admin
qa-automation-40,TrumpetSnakeFridgeToasty18,admin